0x601,03,00,21,FF,FF,FF,FF,,,
0x601,03,00,2C,FF,FF,FF,FF,,,
0x601,05,60,0D,00,00,FF,FF,,,
0x601,05,60,0D,20,00,FF,FF,,,
0x601,05,60,0D,20,88,FF,FF,,,
0x601,05,60,0D,22,00,FF,FF,,,
0x601,05,60,0D,62,88,FF,FF,,,
0x601,05,60,0D,82,88,FF,FF,,,
0x601,05,60,0D,A0,10,FF,FF,,,
0x601,05,60,0D,A0,20,FF,FF,,,
0x601,05,60,0D,A0,88,FF,FF,,,
0x601,05,60,0D,A2,88,FF,FF,,,
0x601,05,60,0D,A4,00,FF,FF,,,
0x601,05,60,0D,B2,88,FF,FF,,,
0x601,05,60,0D,E0,08,FF,FF,,,
0x601,05,60,0D,E2,08,FF,FF,,,
0x601,05,60,0D,E2,88,FF,FF,,,